it,T,e,-,-,-,-,-,-,-,-,-,-,-,-,-,-,-,-,-,-,-,-,-,-,-,-,-
0,100,20,31,14,20,29,21
1,85.0,20,31,14,20,29,21
2,72.25,20,31,14,20,29,21
3,61.4125,20,31,14,20,29,21
4,52.200625,28,14,31,20,29,21
5,44.37053125,30,14,20,31,29,21
6,37.7149515625,30,14,20,31,29,21
7,32.057708828124994,30,14,20,31,29,21
8,27.249052503906245,30,14,20,31,29,21
9,23.16169462832031,30,14,20,31,29,21
10,19.68744043407226,30,14,20,31,29,21
11,16.73432436896142,30,14,20,31,29,21
12,14.224175713617207,30,14,20,31,21,29
13,12.090549356574625,28,14,31,20,21,29
14,10.276966953088431,28,14,31,20,29,21
15,8.735421910125167,28,14,31,20,29,21
16,7.425108623606391,28,14,31,20,29,21
17,6.3113423300654325,30,14,31,29,20,21
18,5.364640980555618,30,14,31,29,20,21
19,4.559944833472275,30,14,31,29,20,21
20,3.8759531084514336,30,14,31,29,20,21
21,3.2945601421837183,30,14,31,29,20,21
22,2.8003761208561606,30,14,31,29,20,21
23,2.3803197027277365,30,14,31,29,20,21
24,2.023271747318576,22,31,14,29,20,21
25,1.7197809852207897,22,31,14,29,20,21
26,1.4618138374376712,24,31,29,14,20,21
27,1.2425417618220205,24,31,29,14,20,21
28,1.0561604975487173,24,31,29,14,20,21
29,0.8977364229164096,24,31,29,14,20,21
30,0.7630759594789481,24,31,29,20,14,21
31,0.6486145655571058,22,31,29,20,21,14
32,0.5513223807235399,22,31,29,20,21,14
33,0.4686240236150089,22,31,29,20,21,14
34,0.39833042007275754,22,31,29,20,21,14
35,0.3385808570618439,22,31,29,20,21,14
36,0.2877937285025673,22,31,29,20,21,14
37,0.24462466922718218,22,31,29,20,21,14
38,0.20793096884310486,22,31,29,20,21,14
39,0.17674132351663913,20,31,20,29,21,14
40,0.15023012498914326,20,31,20,29,21,14
41,0.12769560624077178,20,31,20,29,21,14
42,0.108541265304656,20,31,20,21,29,14
43,0.09226007550895761,20,31,20,21,29,14
43,0.09226007550895761,20,31,20,21,29,14
43,0.09226007550895761,20,31,20,21,29,14
43,0.09226007550895761,20,31,20,21,29,14
43,0.09226007550895761,20,31,20,21,29,14
43,0.09226007550895761,20,31,20,21,29,14
43,0.09226007550895761,20,31,20,21,29,14
43,0.09226007550895761,20,31,20,29,21,14
44,0.07842106418261396,20,31,20,21,29,14
44,0.07842106418261396,20,31,20,21,29,14
44,0.07842106418261396,20,31,20,21,29,14
44,0.07842106418261396,20,31,20,21,29,14
44,0.07842106418261396,20,31,20,21,29,14
44,0.07842106418261396,20,31,20,21,29,14
44,0.07842106418261396,20,31,20,21,29,14
44,0.07842106418261396,20,31,20,29,21,14
45,0.06665790455522187,20,31,20,29,21,14
45,0.06665790455522187,20,31,20,29,21,14
45,0.06665790455522187,20,31,20,29,21,14
45,0.06665790455522187,20,31,20,29,21,14
45,0.06665790455522187,20,31,20,21,29,14
45,0.06665790455522187,20,31,20,21,29,14
45,0.06665790455522187,20,31,20,21,29,14
45,0.06665790455522187,20,31,20,21,29,14
46,0.05665921887193859,20,31,20,29,21,14
46,0.05665921887193859,20,31,20,29,21,14
46,0.05665921887193859,20,31,20,29,21,14
46,0.05665921887193859,20,31,20,29,21,14
46,0.05665921887193859,20,31,20,29,21,14
46,0.05665921887193859,20,31,20,29,21,14
46,0.05665921887193859,20,31,20,29,21,14
46,0.05665921887193859,20,31,20,29,21,14
47,0.0481603360411478,20,31,20,29,21,14
47,0.0481603360411478,20,31,20,29,21,14
47,0.0481603360411478,20,31,20,21,29,14
47,0.0481603360411478,20,31,20,21,29,14
47,0.0481603360411478,20,31,20,21,29,14
47,0.0481603360411478,20,31,20,21,29,14
47,0.0481603360411478,20,31,20,21,29,14
47,0.0481603360411478,20,31,20,21,29,14
48,0.04093628563497563,20,31,20,29,21,14
48,0.04093628563497563,20,31,20,29,21,14
48,0.04093628563497563,20,31,20,29,21,14
48,0.04093628563497563,20,31,20,29,21,14
48,0.04093628563497563,20,31,20,29,21,14
48,0.04093628563497563,20,31,20,21,29,14
48,0.04093628563497563,20,31,20,21,29,14
48,0.04093628563497563,20,31,20,21,29,14
49,0.03479584278972928,20,31,20,21,29,14
49,0.03479584278972928,20,31,20,21,29,14
49,0.03479584278972928,20,31,20,21,29,14
49,0.03479584278972928,20,31,20,21,29,14
49,0.03479584278972928,20,31,20,21,29,14
49,0.03479584278972928,20,31,20,29,21,14
49,0.03479584278972928,20,31,20,29,21,14
49,0.03479584278972928,20,31,20,29,21,14
50,0.02957646637126989,20,31,20,29,21,14
50,0.02957646637126989,20,31,20,29,21,14
50,0.02957646637126989,20,31,20,29,21,14
50,0.02957646637126989,20,31,20,29,21,14
50,0.02957646637126989,20,31,20,29,21,14
50,0.02957646637126989,20,31,20,29,21,14
50,0.02957646637126989,20,31,20,29,21,14
50,0.02957646637126989,20,31,20,29,21,14
51,0.025139996415579405,20,31,20,29,21,14
51,0.025139996415579405,20,31,20,29,21,14
51,0.025139996415579405,20,31,20,29,21,14
51,0.025139996415579405,20,31,20,29,21,14
51,0.025139996415579405,20,31,20,29,21,14
51,0.025139996415579405,20,31,20,21,29,14
51,0.025139996415579405,20,31,20,21,29,14
51,0.025139996415579405,20,31,20,29,21,14
52,0.021368996953242493,20,31,20,29,21,14
52,0.021368996953242493,20,31,20,29,21,14
52,0.021368996953242493,20,31,20,21,29,14
52,0.021368996953242493,20,31,20,21,29,14
52,0.021368996953242493,20,31,20,21,29,14
52,0.021368996953242493,20,31,20,21,29,14
52,0.021368996953242493,20,31,20,21,29,14
52,0.021368996953242493,20,31,20,21,29,14
53,0.01816364741025612,20,31,20,21,29,14
53,0.01816364741025612,20,31,20,21,29,14
53,0.01816364741025612,20,31,20,21,29,14
53,0.01816364741025612,20,31,20,21,29,14
53,0.01816364741025612,20,31,20,29,21,14
53,0.01816364741025612,20,31,20,29,21,14
53,0.01816364741025612,20,31,20,29,21,14
53,0.01816364741025612,20,31,20,29,21,14
54,0.0154391002987177,20,31,20,29,21,14
54,0.0154391002987177,20,31,20,29,21,14
54,0.0154391002987177,20,31,20,21,29,14
54,0.0154391002987177,20,31,20,21,29,14
54,0.0154391002987177,20,31,20,21,29,14
54,0.0154391002987177,20,31,20,21,29,14
54,0.0154391002987177,20,31,20,21,29,14
54,0.0154391002987177,20,31,20,29,21,14
55,0.013123235253910044,20,31,20,29,21,14
55,0.013123235253910044,20,31,20,29,21,14
55,0.013123235253910044,20,31,20,29,21,14
55,0.013123235253910044,20,31,20,29,21,14
55,0.013123235253910044,20,31,20,29,21,14
55,0.013123235253910044,20,31,20,29,21,14
55,0.013123235253910044,20,31,20,21,29,14
55,0.013123235253910044,20,31,20,21,29,14
56,0.011154749965823538,20,31,20,21,29,14
56,0.011154749965823538,20,31,20,21,29,14
56,0.011154749965823538,20,31,20,21,29,14
56,0.011154749965823538,20,31,20,21,29,14
56,0.011154749965823538,20,31,20,21,29,14
56,0.011154749965823538,20,31,20,21,29,14
56,0.011154749965823538,20,31,20,29,21,14
56,0.011154749965823538,20,31,20,29,21,14
57,0.009481537470950006,20,31,20,29,21,14
57,0.009481537470950006,20,31,20,29,21,14
57,0.009481537470950006,20,31,20,29,21,14
57,0.009481537470950006,20,31,20,29,21,14
57,0.009481537470950006,20,31,20,29,21,14
57,0.009481537470950006,20,31,20,21,29,14
57,0.009481537470950006,20,31,20,29,21,14
57,0.009481537470950006,20,31,20,21,29,14
58,0.008059306850307505,20,31,20,21,29,14
58,0.008059306850307505,20,31,20,21,29,14
58,0.008059306850307505,20,31,20,21,29,14
58,0.008059306850307505,20,31,20,21,29,14
58,0.008059306850307505,20,31,20,21,29,14
58,0.008059306850307505,20,31,20,21,29,14
58,0.008059306850307505,20,31,20,29,21,14
58,0.008059306850307505,20,31,20,29,21,14
59,0.006850410822761379,20,31,20,29,21,14
59,0.006850410822761379,20,31,20,29,21,14
59,0.006850410822761379,20,31,20,29,21,14
59,0.006850410822761379,20,31,20,29,21,14
59,0.006850410822761379,20,31,20,29,21,14
59,0.006850410822761379,20,31,20,29,21,14
59,0.006850410822761379,20,31,20,29,21,14
59,0.006850410822761379,20,31,20,29,21,14
60,0.005822849199347172,20,31,20,21,29,14
60,0.005822849199347172,20,31,20,21,29,14
60,0.005822849199347172,20,31,20,21,29,14
60,0.005822849199347172,20,31,20,21,29,14
60,0.005822849199347172,20,31,20,21,29,14
60,0.005822849199347172,20,31,20,21,29,14
60,0.005822849199347172,20,31,20,21,29,14
60,0.005822849199347172,20,31,20,21,29,14
61,0.004949421819445096,20,31,20,21,29,14
61,0.004949421819445096,20,31,20,29,21,14
61,0.004949421819445096,20,31,20,21,29,14
61,0.004949421819445096,20,31,20,21,29,14
61,0.004949421819445096,20,31,20,21,29,14
61,0.004949421819445096,20,31,20,21,29,14
61,0.004949421819445096,20,31,20,21,29,14
61,0.004949421819445096,20,31,20,21,29,14
62,0.004207008546528331,20,31,20,21,29,14
62,0.004207008546528331,20,31,20,21,29,14
62,0.004207008546528331,20,31,20,21,29,14
62,0.004207008546528331,20,31,20,21,29,14
62,0.004207008546528331,20,31,20,21,29,14
62,0.004207008546528331,20,31,20,21,29,14
62,0.004207008546528331,20,31,20,21,29,14
62,0.004207008546528331,20,31,20,21,29,14
63,0.0035759572645490813,20,31,20,29,21,14
63,0.0035759572645490813,20,31,20,29,21,14
63,0.0035759572645490813,20,31,20,29,21,14
63,0.0035759572645490813,20,31,20,29,21,14
63,0.0035759572645490813,20,31,20,21,29,14
63,0.0035759572645490813,20,31,20,21,29,14
63,0.0035759572645490813,20,31,20,21,29,14
63,0.0035759572645490813,20,31,20,21,29,14
64,0.003039563674866719,20,31,20,21,29,14
64,0.003039563674866719,20,31,20,21,29,14
64,0.003039563674866719,20,31,20,21,29,14
64,0.003039563674866719,20,31,20,29,21,14
64,0.003039563674866719,20,31,20,29,21,14
64,0.003039563674866719,20,31,20,29,21,14
64,0.003039563674866719,20,31,20,29,21,14
64,0.003039563674866719,20,31,20,29,21,14
65,0.0025836291236367107,20,31,20,29,21,14
65,0.0025836291236367107,20,31,20,29,21,14
65,0.0025836291236367107,20,31,20,29,21,14
65,0.0025836291236367107,20,31,20,29,21,14
65,0.0025836291236367107,20,31,20,29,21,14
65,0.0025836291236367107,20,31,20,29,21,14
65,0.0025836291236367107,20,31,20,29,21,14
65,0.0025836291236367107,20,31,20,29,21,14
66,0.002196084755091204,20,31,20,29,21,14
66,0.002196084755091204,20,31,20,21,29,14
66,0.002196084755091204,20,31,20,21,29,14
66,0.002196084755091204,20,31,20,21,29,14
66,0.002196084755091204,20,31,20,21,29,14
66,0.002196084755091204,20,31,20,21,29,14
66,0.002196084755091204,20,31,20,21,29,14
66,0.002196084755091204,20,31,20,29,21,14
67,0.0018666720418275234,20,31,20,29,21,14
67,0.0018666720418275234,20,31,20,29,21,14
67,0.0018666720418275234,20,31,20,29,21,14
67,0.0018666720418275234,20,31,20,29,21,14
67,0.0018666720418275234,20,31,20,29,21,14
67,0.0018666720418275234,20,31,20,29,21,14
67,0.0018666720418275234,20,31,20,29,21,14
67,0.0018666720418275234,20,31,20,29,21,14
68,0.001586671235553395,20,31,20,29,21,14
68,0.001586671235553395,20,31,20,29,21,14
68,0.001586671235553395,20,31,20,29,21,14
68,0.001586671235553395,20,31,20,29,21,14
68,0.001586671235553395,20,31,20,29,21,14
68,0.001586671235553395,20,31,20,29,21,14
68,0.001586671235553395,20,31,20,21,29,14
68,0.001586671235553395,20,31,20,21,29,14
69,0.0013486705502203857,20,31,20,21,29,14
69,0.0013486705502203857,20,31,20,21,29,14
69,0.0013486705502203857,20,31,20,21,29,14
69,0.0013486705502203857,20,31,20,21,29,14
69,0.0013486705502203857,20,31,20,21,29,14
69,0.0013486705502203857,20,31,20,21,29,14
69,0.0013486705502203857,20,31,20,21,29,14
69,0.0013486705502203857,20,31,20,21,29,14
70,0.0011463699676873278,20,31,20,21,29,14
70,0.0011463699676873278,20,31,20,21,29,14
70,0.0011463699676873278,20,31,20,21,29,14
70,0.0011463699676873278,20,31,20,21,29,14
70,0.0011463699676873278,20,31,20,21,29,14
70,0.0011463699676873278,20,31,20,21,29,14
70,0.0011463699676873278,20,31,20,29,21,14
70,0.0011463699676873278,20,31,20,29,21,14
71,0.0009744144725342286,20,31,20,29,21,14
71,0.0009744144725342286,20,31,20,29,21,14
71,0.0009744144725342286,20,31,20,29,21,14
71,0.0009744144725342286,20,31,20,29,21,14
71,0.0009744144725342286,20,31,20,29,21,14
71,0.0009744144725342286,20,31,20,29,21,14
71,0.0009744144725342286,20,31,20,21,29,14
71,0.0009744144725342286,20,31,20,21,29,14
72,0.0008282523016540943,20,31,20,21,29,14
72,0.0008282523016540943,20,31,20,21,29,14
72,0.0008282523016540943,20,31,20,21,29,14
72,0.0008282523016540943,20,31,20,29,21,14
72,0.0008282523016540943,20,31,20,29,21,14
72,0.0008282523016540943,20,31,20,29,21,14
72,0.0008282523016540943,20,31,20,29,21,14
72,0.0008282523016540943,20,31,20,29,21,14
73,0.0007040144564059802,20,31,20,29,21,14
73,0.0007040144564059802,20,31,20,29,21,14
73,0.0007040144564059802,20,31,20,29,21,14
73,0.0007040144564059802,20,31,20,29,21,14
73,0.0007040144564059802,20,31,20,29,21,14
73,0.0007040144564059802,20,31,20,29,21,14
73,0.0007040144564059802,20,31,20,21,29,14
73,0.0007040144564059802,20,31,20,21,29,14
74,0.0005984122879450831,20,31,20,21,29,14
74,0.0005984122879450831,20,31,20,21,29,14
74,0.0005984122879450831,20,31,20,21,29,14
74,0.0005984122879450831,20,31,20,21,29,14
74,0.0005984122879450831,20,31,20,29,21,14
74,0.0005984122879450831,20,31,20,29,21,14
74,0.0005984122879450831,20,31,20,29,21,14
74,0.0005984122879450831,20,31,20,29,21,14
75,0.0005086504447533207,20,31,20,29,21,14
75,0.0005086504447533207,20,31,20,29,21,14
75,0.0005086504447533207,20,31,20,29,21,14
75,0.0005086504447533207,20,31,20,29,21,14
75,0.0005086504447533207,20,31,20,29,21,14
75,0.0005086504447533207,20,31,20,29,21,14
75,0.0005086504447533207,20,31,20,29,21,14
75,0.0005086504447533207,20,31,20,29,21,14
76,0.0004323528780403226,20,31,20,29,21,14
76,0.0004323528780403226,20,31,20,29,21,14
76,0.0004323528780403226,20,31,20,29,21,14
76,0.0004323528780403226,20,31,20,29,21,14
76,0.0004323528780403226,20,31,20,29,21,14
76,0.0004323528780403226,20,31,20,29,21,14
76,0.0004323528780403226,20,31,20,29,21,14
76,0.0004323528780403226,20,31,20,29,21,14
77,0.00036749994633427415,20,31,20,29,21,14
77,0.00036749994633427415,20,31,20,29,21,14
77,0.00036749994633427415,20,31,20,21,29,14
77,0.00036749994633427415,20,31,20,21,29,14
77,0.00036749994633427415,20,31,20,21,29,14
77,0.00036749994633427415,20,31,20,21,29,14
77,0.00036749994633427415,20,31,20,21,29,14
77,0.00036749994633427415,20,31,20,21,29,14
78,0.000312374954384133,20,31,20,21,29,14
78,0.000312374954384133,20,31,20,29,21,14
78,0.000312374954384133,20,31,20,29,21,14
78,0.000312374954384133,20,31,20,29,21,14
78,0.000312374954384133,20,31,20,29,21,14
78,0.000312374954384133,20,31,20,29,21,14
78,0.000312374954384133,20,31,20,21,29,14
78,0.000312374954384133,20,31,20,21,29,14
79,0.00026551871122651303,20,31,20,21,29,14
79,0.00026551871122651303,20,31,20,21,29,14
79,0.00026551871122651303,20,31,20,29,21,14
79,0.00026551871122651303,20,31,20,29,21,14
79,0.00026551871122651303,20,31,20,29,21,14
79,0.00026551871122651303,20,31,20,21,29,14
79,0.00026551871122651303,20,31,20,21,29,14
79,0.00026551871122651303,20,31,20,21,29,14
80,0.00022569090454253608,20,31,20,21,29,14
80,0.00022569090454253608,20,31,20,29,21,14
80,0.00022569090454253608,20,31,20,29,21,14
80,0.00022569090454253608,20,31,20,29,21,14
80,0.00022569090454253608,20,31,20,29,21,14
80,0.00022569090454253608,20,31,20,29,21,14
80,0.00022569090454253608,20,31,20,29,21,14
80,0.00022569090454253608,20,31,20,29,21,14
81,0.00019183726886115566,20,31,20,29,21,14
81,0.00019183726886115566,20,31,20,29,21,14
81,0.00019183726886115566,20,31,20,29,21,14
81,0.00019183726886115566,20,31,20,29,21,14
81,0.00019183726886115566,20,31,20,29,21,14
81,0.00019183726886115566,20,31,20,29,21,14
81,0.00019183726886115566,20,31,20,29,21,14
81,0.00019183726886115566,20,31,20,21,29,14
82,0.0001630616785319823,20,31,20,29,21,14
82,0.0001630616785319823,20,31,20,29,21,14
82,0.0001630616785319823,20,31,20,29,21,14
82,0.0001630616785319823,20,31,20,29,21,14
82,0.0001630616785319823,20,31,20,21,29,14
82,0.0001630616785319823,20,31,20,21,29,14
82,0.0001630616785319823,20,31,20,29,21,14
82,0.0001630616785319823,20,31,20,29,21,14
83,0.00013860242675218495,20,31,20,29,21,14
83,0.00013860242675218495,20,31,20,29,21,14
83,0.00013860242675218495,20,31,20,29,21,14
83,0.00013860242675218495,20,31,20,29,21,14
83,0.00013860242675218495,20,31,20,29,21,14
83,0.00013860242675218495,20,31,20,29,21,14
83,0.00013860242675218495,20,31,20,29,21,14
83,0.00013860242675218495,20,31,20,29,21,14
84,0.00011781206273935721,20,31,20,29,21,14
84,0.00011781206273935721,20,31,20,29,21,14
84,0.00011781206273935721,20,31,20,29,21,14
84,0.00011781206273935721,20,31,20,29,21,14
84,0.00011781206273935721,20,31,20,29,21,14
84,0.00011781206273935721,20,31,20,29,21,14
84,0.00011781206273935721,20,31,20,29,21,14
84,0.00011781206273935721,20,31,20,29,21,14
85,0.00010014025332845363,20,31,20,29,21,14
85,0.00010014025332845363,20,31,20,29,21,14
85,0.00010014025332845363,20,31,20,29,21,14
85,0.00010014025332845363,20,31,20,29,21,14
85,0.00010014025332845363,20,31,20,29,21,14
85,0.00010014025332845363,20,31,20,29,21,14
85,0.00010014025332845363,20,31,20,29,21,14
85,0.00010014025332845363,20,31,20,29,21,14
86,8.511921532918559e-05,20,31,20,29,21,14
86,8.511921532918559e-05,20,31,20,29,21,14
86,8.511921532918559e-05,20,31,20,29,21,14
86,8.511921532918559e-05,20,31,20,21,29,14
86,8.511921532918559e-05,20,31,20,21,29,14
86,8.511921532918559e-05,20,31,20,21,29,14
86,8.511921532918559e-05,20,31,20,21,29,14
86,8.511921532918559e-05,20,31,20,29,21,14
87,7.235133302980775e-05,20,31,20,29,21,14
87,7.235133302980775e-05,20,31,20,29,21,14
87,7.235133302980775e-05,20,31,20,29,21,14
87,7.235133302980775e-05,20,31,20,21,29,14
87,7.235133302980775e-05,20,31,20,21,29,14
87,7.235133302980775e-05,20,31,20,21,29,14
87,7.235133302980775e-05,20,31,20,21,29,14
87,7.235133302980775e-05,20,31,20,21,29,14
88,6.149863307533659e-05,20,31,20,21,29,14
88,6.149863307533659e-05,20,31,20,21,29,14
88,6.149863307533659e-05,20,31,20,21,29,14
88,6.149863307533659e-05,20,31,20,29,21,14
88,6.149863307533659e-05,20,31,20,29,21,14
88,6.149863307533659e-05,20,31,20,29,21,14
88,6.149863307533659e-05,20,31,20,21,29,14
88,6.149863307533659e-05,20,31,20,21,29,14
89,5.2273838114036105e-05,20,31,20,29,21,14
89,5.2273838114036105e-05,20,31,20,29,21,14
89,5.2273838114036105e-05,20,31,20,29,21,14
89,5.2273838114036105e-05,20,31,20,29,21,14
89,5.2273838114036105e-05,20,31,20,21,29,14
89,5.2273838114036105e-05,20,31,20,21,29,14
89,5.2273838114036105e-05,20,31,20,21,29,14
89,5.2273838114036105e-05,20,31,20,21,29,14
90,4.4432762396930686e-05,20,31,20,21,29,14
90,4.4432762396930686e-05,20,31,20,29,21,14
90,4.4432762396930686e-05,20,31,20,29,21,14
90,4.4432762396930686e-05,20,31,20,29,21,14
90,4.4432762396930686e-05,20,31,20,21,29,14
90,4.4432762396930686e-05,20,31,20,21,29,14
90,4.4432762396930686e-05,20,31,20,29,21,14
90,4.4432762396930686e-05,20,31,20,29,21,14
91,3.776784803739108e-05,20,31,20,29,21,14
91,3.776784803739108e-05,20,31,20,29,21,14
91,3.776784803739108e-05,20,31,20,29,21,14
91,3.776784803739108e-05,20,31,20,21,29,14
91,3.776784803739108e-05,20,31,20,21,29,14
91,3.776784803739108e-05,20,31,20,29,21,14
91,3.776784803739108e-05,20,31,20,21,29,14
91,3.776784803739108e-05,20,31,20,21,29,14
92,3.210267083178242e-05,20,31,20,21,29,14
92,3.210267083178242e-05,20,31,20,29,21,14
92,3.210267083178242e-05,20,31,20,29,21,14
92,3.210267083178242e-05,20,31,20,29,21,14
92,3.210267083178242e-05,20,31,20,29,21,14
92,3.210267083178242e-05,20,31,20,29,21,14
92,3.210267083178242e-05,20,31,20,29,21,14
92,3.210267083178242e-05,20,31,20,29,21,14
93,2.728727020701506e-05,20,31,20,29,21,14
93,2.728727020701506e-05,20,31,20,29,21,14
93,2.728727020701506e-05,20,31,20,29,21,14
93,2.728727020701506e-05,20,31,20,29,21,14
93,2.728727020701506e-05,20,31,20,21,29,14
93,2.728727020701506e-05,20,31,20,21,29,14
93,2.728727020701506e-05,20,31,20,21,29,14
93,2.728727020701506e-05,20,31,20,21,29,14
94,2.31941796759628e-05,20,31,20,21,29,14
94,2.31941796759628e-05,20,31,20,21,29,14
94,2.31941796759628e-05,20,31,20,29,21,14
94,2.31941796759628e-05,20,31,20,29,21,14
94,2.31941796759628e-05,20,31,20,29,21,14
94,2.31941796759628e-05,20,31,20,29,21,14
94,2.31941796759628e-05,20,31,20,29,21,14
94,2.31941796759628e-05,20,31,20,29,21,14
95,1.971505272456838e-05,20,31,20,29,21,14
95,1.971505272456838e-05,20,31,20,29,21,14
95,1.971505272456838e-05,20,31,20,29,21,14
95,1.971505272456838e-05,20,31,20,29,21,14
95,1.971505272456838e-05,20,31,20,29,21,14
95,1.971505272456838e-05,20,31,20,29,21,14
95,1.971505272456838e-05,20,31,20,29,21,14
95,1.971505272456838e-05,20,31,20,29,21,14
96,1.6757794815883122e-05,20,31,20,29,21,14
96,1.6757794815883122e-05,20,31,20,29,21,14
96,1.6757794815883122e-05,20,31,20,29,21,14
96,1.6757794815883122e-05,20,31,20,29,21,14
96,1.6757794815883122e-05,20,31,20,21,29,14
96,1.6757794815883122e-05,20,31,20,21,29,14
96,1.6757794815883122e-05,20,31,20,21,29,14
96,1.6757794815883122e-05,20,31,20,21,29,14
97,1.4244125593500653e-05,20,31,20,21,29,14
97,1.4244125593500653e-05,20,31,20,21,29,14
97,1.4244125593500653e-05,20,31,20,21,29,14
97,1.4244125593500653e-05,20,31,20,21,29,14
97,1.4244125593500653e-05,20,31,20,29,21,14
97,1.4244125593500653e-05,20,31,20,29,21,14
97,1.4244125593500653e-05,20,31,20,21,29,14
97,1.4244125593500653e-05,20,31,20,21,29,14
98,1.2107506754475555e-05,20,31,20,21,29,14
98,1.2107506754475555e-05,20,31,20,21,29,14
98,1.2107506754475555e-05,20,31,20,21,29,14
98,1.2107506754475555e-05,20,31,20,29,21,14
98,1.2107506754475555e-05,20,31,20,29,21,14
98,1.2107506754475555e-05,20,31,20,29,21,14
98,1.2107506754475555e-05,20,31,20,29,21,14
98,1.2107506754475555e-05,20,31,20,29,21,14
99,1.0291380741304221e-05,20,31,20,29,21,14
99,1.0291380741304221e-05,20,31,20,29,21,14
99,1.0291380741304221e-05,20,31,20,29,21,14
99,1.0291380741304221e-05,20,31,20,29,21,14
99,1.0291380741304221e-05,20,31,20,29,21,14
99,1.0291380741304221e-05,20,31,20,29,21,14
99,1.0291380741304221e-05,20,31,20,29,21,14
99,1.0291380741304221e-05,20,31,20,29,21,14
100,8.747673630108587e-06,20,31,20,29,21,14
100,8.747673630108587e-06,20,31,20,29,21,14
100,8.747673630108587e-06,20,31,20,29,21,14
100,8.747673630108587e-06,20,31,20,29,21,14
100,8.747673630108587e-06,20,31,20,29,21,14
100,8.747673630108587e-06,20,31,20,29,21,14
100,8.747673630108587e-06,20,31,20,29,21,14
100,8.747673630108587e-06,20,31,20,29,21,14
101,7.435522585592299e-06,20,31,20,29,21,14
101,7.435522585592299e-06,20,31,20,21,29,14
101,7.435522585592299e-06,20,31,20,21,29,14
101,7.435522585592299e-06,20,31,20,21,29,14
101,7.435522585592299e-06,20,31,20,21,29,14
101,7.435522585592299e-06,20,31,20,21,29,14
101,7.435522585592299e-06,20,31,20,21,29,14
101,7.435522585592299e-06,20,31,20,21,29,14
102,6.320194197753454e-06,20,31,20,21,29,14
102,6.320194197753454e-06,20,31,20,29,21,14
102,6.320194197753454e-06,20,31,20,29,21,14
102,6.320194197753454e-06,20,31,20,29,21,14
102,6.320194197753454e-06,20,31,20,29,21,14
102,6.320194197753454e-06,20,31,20,29,21,14
102,6.320194197753454e-06,20,31,20,21,29,14
102,6.320194197753454e-06,20,31,20,21,29,14
103,5.372165068090435e-06,20,31,20,21,29,14
103,5.372165068090435e-06,20,31,20,21,29,14
103,5.372165068090435e-06,20,31,20,29,21,14
103,5.372165068090435e-06,20,31,20,29,21,14
103,5.372165068090435e-06,20,31,20,29,21,14
103,5.372165068090435e-06,20,31,20,29,21,14
103,5.372165068090435e-06,20,31,20,29,21,14
103,5.372165068090435e-06,20,31,20,29,21,14
104,4.56634030787687e-06,20,31,20,29,21,14
104,4.56634030787687e-06,20,31,20,29,21,14
104,4.56634030787687e-06,20,31,20,21,29,14
104,4.56634030787687e-06,20,31,20,21,29,14
104,4.56634030787687e-06,20,31,20,21,29,14
104,4.56634030787687e-06,20,31,20,21,29,14
104,4.56634030787687e-06,20,31,20,21,29,14
104,4.56634030787687e-06,20,31,20,29,21,14
105,3.881389261695339e-06,20,31,20,29,21,14
105,3.881389261695339e-06,20,31,20,29,21,14
105,3.881389261695339e-06,20,31,20,29,21,14
105,3.881389261695339e-06,20,31,20,29,21,14
105,3.881389261695339e-06,20,31,20,29,21,14
105,3.881389261695339e-06,20,31,20,29,21,14
105,3.881389261695339e-06,20,31,20,29,21,14
105,3.881389261695339e-06,20,31,20,29,21,14
106,3.2991808724410384e-06,20,31,20,29,21,14
106,3.2991808724410384e-06,20,31,20,29,21,14
106,3.2991808724410384e-06,20,31,20,29,21,14
106,3.2991808724410384e-06,20,31,20,29,21,14
106,3.2991808724410384e-06,20,31,20,29,21,14
106,3.2991808724410384e-06,20,31,20,29,21,14
106,3.2991808724410384e-06,20,31,20,29,21,14
106,3.2991808724410384e-06,20,31,20,29,21,14
107,2.8043037415748824e-06,20,31,20,29,21,14
107,2.8043037415748824e-06,20,31,20,29,21,14
107,2.8043037415748824e-06,20,31,20,29,21,14
107,2.8043037415748824e-06,20,31,20,29,21,14
107,2.8043037415748824e-06,20,31,20,29,21,14
107,2.8043037415748824e-06,20,31,20,29,21,14
107,2.8043037415748824e-06,20,31,20,29,21,14
107,2.8043037415748824e-06,20,31,20,29,21,14
108,2.38365818033865e-06,20,31,20,29,21,14
108,2.38365818033865e-06,20,31,20,29,21,14
108,2.38365818033865e-06,20,31,20,29,21,14
108,2.38365818033865e-06,20,31,20,29,21,14
108,2.38365818033865e-06,20,31,20,29,21,14
108,2.38365818033865e-06,20,31,20,29,21,14
108,2.38365818033865e-06,20,31,20,29,21,14
108,2.38365818033865e-06,20,31,20,29,21,14
109,2.0261094532878526e-06,20,31,20,29,21,14
109,2.0261094532878526e-06,20,31,20,21,29,14
109,2.0261094532878526e-06,20,31,20,21,29,14
109,2.0261094532878526e-06,20,31,20,21,29,14
109,2.0261094532878526e-06,20,31,20,21,29,14
109,2.0261094532878526e-06,20,31,20,21,29,14
109,2.0261094532878526e-06,20,31,20,21,29,14
109,2.0261094532878526e-06,20,31,20,21,29,14
110,1.7221930352946745e-06,20,31,20,21,29,14
110,1.7221930352946745e-06,20,31,20,21,29,14
110,1.7221930352946745e-06,20,31,20,21,29,14
110,1.7221930352946745e-06,20,31,20,21,29,14
110,1.7221930352946745e-06,20,31,20,21,29,14
110,1.7221930352946745e-06,20,31,20,21,29,14
110,1.7221930352946745e-06,20,31,20,21,29,14
110,1.7221930352946745e-06,20,31,20,29,21,14
111,1.4638640800004733e-06,20,31,20,29,21,14
111,1.4638640800004733e-06,20,31,20,29,21,14
111,1.4638640800004733e-06,20,31,20,29,21,14
111,1.4638640800004733e-06,20,31,20,29,21,14
111,1.4638640800004733e-06,20,31,20,21,29,14
111,1.4638640800004733e-06,20,31,20,21,29,14
111,1.4638640800004733e-06,20,31,20,21,29,14
111,1.4638640800004733e-06,20,31,20,21,29,14
112,1.2442844680004022e-06,20,31,20,21,29,14
112,1.2442844680004022e-06,20,31,20,21,29,14
112,1.2442844680004022e-06,20,31,20,21,29,14
112,1.2442844680004022e-06,20,31,20,21,29,14
112,1.2442844680004022e-06,20,31,20,21,29,14
112,1.2442844680004022e-06,20,31,20,21,29,14
112,1.2442844680004022e-06,20,31,20,21,29,14
112,1.2442844680004022e-06,20,31,20,21,29,14
113,1.0576417978003419e-06,20,31,20,29,21,14
113,1.0576417978003419e-06,20,31,20,29,21,14
113,1.0576417978003419e-06,20,31,20,29,21,14
113,1.0576417978003419e-06,20,31,20,29,21,14
113,1.0576417978003419e-06,20,31,20,29,21,14
113,1.0576417978003419e-06,20,31,20,29,21,14
113,1.0576417978003419e-06,20,31,20,29,21,14
113,1.0576417978003419e-06,20,31,20,29,21,14
114,8.989955281302906e-07,20,31,20,29,21,14
114,8.989955281302906e-07,20,31,20,29,21,14
114,8.989955281302906e-07,20,31,20,29,21,14
114,8.989955281302906e-07,20,31,20,21,29,14
114,8.989955281302906e-07,20,31,20,29,21,14
114,8.989955281302906e-07,20,31,20,29,21,14
114,8.989955281302906e-07,20,31,20,21,29,14
114,8.989955281302906e-07,20,31,20,21,29,14
115,7.64146198910747e-07,20,31,20,21,29,14
115,7.64146198910747e-07,20,31,20,21,29,14
115,7.64146198910747e-07,20,31,20,21,29,14
115,7.64146198910747e-07,20,31,20,21,29,14
115,7.64146198910747e-07,20,31,20,21,29,14
115,7.64146198910747e-07,20,31,20,21,29,14
115,7.64146198910747e-07,20,31,20,21,29,14
115,7.64146198910747e-07,20,31,20,21,29,14
116,6.495242690741349e-07,20,31,20,21,29,14
116,6.495242690741349e-07,20,31,20,21,29,14
116,6.495242690741349e-07,20,31,20,29,21,14
116,6.495242690741349e-07,20,31,20,29,21,14
116,6.495242690741349e-07,20,31,20,29,21,14
116,6.495242690741349e-07,20,31,20,29,21,14
116,6.495242690741349e-07,20,31,20,29,21,14
116,6.495242690741349e-07,20,31,20,29,21,14
117,5.520956287130146e-07,20,31,20,29,21,14
117,5.520956287130146e-07,20,31,20,29,21,14
117,5.520956287130146e-07,20,31,20,29,21,14
117,5.520956287130146e-07,20,31,20,21,29,14
117,5.520956287130146e-07,20,31,20,29,21,14
117,5.520956287130146e-07,20,31,20,21,29,14
117,5.520956287130146e-07,20,31,20,21,29,14
117,5.520956287130146e-07,20,31,20,21,29,14
118,4.6928128440606244e-07,20,31,20,21,29,14
118,4.6928128440606244e-07,20,31,20,21,29,14
118,4.6928128440606244e-07,20,31,20,21,29,14
118,4.6928128440606244e-07,20,31,20,21,29,14
118,4.6928128440606244e-07,20,31,20,21,29,14
118,4.6928128440606244e-07,20,31,20,21,29,14
118,4.6928128440606244e-07,20,31,20,21,29,14
118,4.6928128440606244e-07,20,31,20,21,29,14
119,3.988890917451531e-07,20,31,20,21,29,14
119,3.988890917451531e-07,20,31,20,21,29,14
119,3.988890917451531e-07,20,31,20,21,29,14
119,3.988890917451531e-07,20,31,20,21,29,14
119,3.988890917451531e-07,20,31,20,21,29,14
119,3.988890917451531e-07,20,31,20,21,29,14
119,3.988890917451531e-07,20,31,20,21,29,14
119,3.988890917451531e-07,20,31,20,21,29,14
120,3.390557279833801e-07,20,31,20,21,29,14
120,3.390557279833801e-07,20,31,20,21,29,14
120,3.390557279833801e-07,20,31,20,21,29,14
120,3.390557279833801e-07,20,31,20,21,29,14
120,3.390557279833801e-07,20,31,20,29,21,14
120,3.390557279833801e-07,20,31,20,29,21,14
120,3.390557279833801e-07,20,31,20,29,21,14
120,3.390557279833801e-07,20,31,20,29,21,14
121,2.881973687858731e-07,20,31,20,29,21,14
121,2.881973687858731e-07,20,31,20,29,21,14
121,2.881973687858731e-07,20,31,20,21,29,14
121,2.881973687858731e-07,20,31,20,21,29,14
121,2.881973687858731e-07,20,31,20,21,29,14
121,2.881973687858731e-07,20,31,20,21,29,14
121,2.881973687858731e-07,20,31,20,21,29,14
121,2.881973687858731e-07,20,31,20,21,29,14
122,2.449677634679921e-07,20,31,20,21,29,14
122,2.449677634679921e-07,20,31,20,21,29,14
122,2.449677634679921e-07,20,31,20,21,29,14
122,2.449677634679921e-07,20,31,20,21,29,14
122,2.449677634679921e-07,20,31,20,21,29,14
122,2.449677634679921e-07,20,31,20,21,29,14
122,2.449677634679921e-07,20,31,20,21,29,14
122,2.449677634679921e-07,20,31,20,21,29,14
123,2.0822259894779328e-07,20,31,20,21,29,14
123,2.0822259894779328e-07,20,31,20,21,29,14
123,2.0822259894779328e-07,20,31,20,29,21,14
123,2.0822259894779328e-07,20,31,20,29,21,14
123,2.0822259894779328e-07,20,31,20,29,21,14
123,2.0822259894779328e-07,20,31,20,29,21,14
123,2.0822259894779328e-07,20,31,20,29,21,14
123,2.0822259894779328e-07,20,31,20,29,21,14
124,1.7698920910562428e-07,20,31,20,29,21,14
124,1.7698920910562428e-07,20,31,20,29,21,14
124,1.7698920910562428e-07,20,31,20,29,21,14
124,1.7698920910562428e-07,20,31,20,29,21,14
124,1.7698920910562428e-07,20,31,20,29,21,14
124,1.7698920910562428e-07,20,31,20,29,21,14
124,1.7698920910562428e-07,20,31,20,29,21,14
124,1.7698920910562428e-07,20,31,20,29,21,14
125,1.5044082773978063e-07,20,31,20,29,21,14
125,1.5044082773978063e-07,20,31,20,21,29,14
125,1.5044082773978063e-07,20,31,20,21,29,14
125,1.5044082773978063e-07,20,31,20,29,21,14
125,1.5044082773978063e-07,20,31,20,29,21,14
125,1.5044082773978063e-07,20,31,20,29,21,14
125,1.5044082773978063e-07,20,31,20,21,29,14
125,1.5044082773978063e-07,20,31,20,21,29,14
126,1.2787470357881354e-07,20,31,20,21,29,14
126,1.2787470357881354e-07,20,31,20,29,21,14
126,1.2787470357881354e-07,20,31,20,29,21,14
126,1.2787470357881354e-07,20,31,20,29,21,14
126,1.2787470357881354e-07,20,31,20,21,29,14
126,1.2787470357881354e-07,20,31,20,21,29,14
126,1.2787470357881354e-07,20,31,20,21,29,14
126,1.2787470357881354e-07,20,31,20,21,29,14
127,1.086934980419915e-07,20,31,20,21,29,14
127,1.086934980419915e-07,20,31,20,21,29,14
127,1.086934980419915e-07,20,31,20,21,29,14
127,1.086934980419915e-07,20,31,20,21,29,14
127,1.086934980419915e-07,20,31,20,21,29,14
127,1.086934980419915e-07,20,31,20,29,21,14
127,1.086934980419915e-07,20,31,20,21,29,14
127,1.086934980419915e-07,20,31,20,21,29,14
128,9.238947333569277e-08,20,31,20,21,29,14
128,9.238947333569277e-08,20,31,20,29,21,14
128,9.238947333569277e-08,20,31,20,29,21,14
128,9.238947333569277e-08,20,31,20,29,21,14
128,9.238947333569277e-08,20,31,20,29,21,14
128,9.238947333569277e-08,20,31,20,29,21,14
128,9.238947333569277e-08,20,31,20,29,21,14
128,9.238947333569277e-08,20,31,20,29,21,14
129,7.853105233533884e-08,20,31,20,29,21,14
129,7.853105233533884e-08,20,31,20,29,21,14
129,7.853105233533884e-08,20,31,20,29,21,14
129,7.853105233533884e-08,20,31,20,29,21,14
129,7.853105233533884e-08,20,31,20,29,21,14
129,7.853105233533884e-08,20,31,20,29,21,14
129,7.853105233533884e-08,20,31,20,29,21,14
129,7.853105233533884e-08,20,31,20,29,21,14
130,6.675139448503801e-08,20,31,20,29,21,14
130,6.675139448503801e-08,20,31,20,29,21,14
130,6.675139448503801e-08,20,31,20,29,21,14
130,6.675139448503801e-08,20,31,20,29,21,14
130,6.675139448503801e-08,20,31,20,29,21,14
130,6.675139448503801e-08,20,31,20,21,29,14
130,6.675139448503801e-08,20,31,20,21,29,14
130,6.675139448503801e-08,20,31,20,21,29,14
131,5.6738685312282305e-08,20,31,20,21,29,14
131,5.6738685312282305e-08,20,31,20,21,29,14
131,5.6738685312282305e-08,20,31,20,21,29,14
131,5.6738685312282305e-08,20,31,20,21,29,14
131,5.6738685312282305e-08,20,31,20,21,29,14
131,5.6738685312282305e-08,20,31,20,21,29,14
131,5.6738685312282305e-08,20,31,20,21,29,14
131,5.6738685312282305e-08,20,31,20,29,21,14
132,4.822788251543996e-08,20,31,20,29,21,14
132,4.822788251543996e-08,20,31,20,29,21,14
132,4.822788251543996e-08,20,31,20,21,29,14
132,4.822788251543996e-08,20,31,20,21,29,14
132,4.822788251543996e-08,20,31,20,21,29,14
132,4.822788251543996e-08,20,31,20,21,29,14
132,4.822788251543996e-08,20,31,20,21,29,14
132,4.822788251543996e-08,20,31,20,29,21,14
133,4.099370013812396e-08,20,31,20,29,21,14
133,4.099370013812396e-08,20,31,20,21,29,14
133,4.099370013812396e-08,20,31,20,29,21,14
133,4.099370013812396e-08,20,31,20,29,21,14
133,4.099370013812396e-08,20,31,20,29,21,14
133,4.099370013812396e-08,20,31,20,29,21,14
133,4.099370013812396e-08,20,31,20,21,29,14
133,4.099370013812396e-08,20,31,20,21,29,14
134,3.4844645117405365e-08,20,31,20,21,29,14
134,3.4844645117405365e-08,20,31,20,21,29,14
134,3.4844645117405365e-08,20,31,20,21,29,14
134,3.4844645117405365e-08,20,31,20,21,29,14
134,3.4844645117405365e-08,20,31,20,21,29,14
134,3.4844645117405365e-08,20,31,20,29,21,14
134,3.4844645117405365e-08,20,31,20,29,21,14
134,3.4844645117405365e-08,20,31,20,29,21,14
135,2.9617948349794558e-08,20,31,20,29,21,14
135,2.9617948349794558e-08,20,31,20,29,21,14
135,2.9617948349794558e-08,20,31,20,29,21,14
135,2.9617948349794558e-08,20,31,20,29,21,14
135,2.9617948349794558e-08,20,31,20,29,21,14
135,2.9617948349794558e-08,20,31,20,29,21,14
135,2.9617948349794558e-08,20,31,20,29,21,14
135,2.9617948349794558e-08,20,31,20,29,21,14
136,2.5175256097325374e-08,20,31,20,29,21,14
136,2.5175256097325374e-08,20,31,20,29,21,14
136,2.5175256097325374e-08,20,31,20,29,21,14
136,2.5175256097325374e-08,20,31,20,29,21,14
136,2.5175256097325374e-08,20,31,20,29,21,14
136,2.5175256097325374e-08,20,31,20,29,21,14
136,2.5175256097325374e-08,20,31,20,29,21,14
136,2.5175256097325374e-08,20,31,20,29,21,14
137,2.1398967682726566e-08,20,31,20,29,21,14
137,2.1398967682726566e-08,20,31,20,29,21,14
137,2.1398967682726566e-08,20,31,20,29,21,14
137,2.1398967682726566e-08,20,31,20,21,29,14
137,2.1398967682726566e-08,20,31,20,21,29,14
137,2.1398967682726566e-08,20,31,20,21,29,14
137,2.1398967682726566e-08,20,31,20,21,29,14
137,2.1398967682726566e-08,20,31,20,21,29,14
138,1.818912253031758e-08,20,31,20,21,29,14
138,1.818912253031758e-08,20,31,20,21,29,14
138,1.818912253031758e-08,20,31,20,21,29,14
138,1.818912253031758e-08,20,31,20,21,29,14
138,1.818912253031758e-08,20,31,20,21,29,14
138,1.818912253031758e-08,20,31,20,21,29,14
138,1.818912253031758e-08,20,31,20,21,29,14
138,1.818912253031758e-08,20,31,20,29,21,14
139,1.5460754150769945e-08,20,31,20,29,21,14
139,1.5460754150769945e-08,20,31,20,29,21,14
139,1.5460754150769945e-08,20,31,20,29,21,14
139,1.5460754150769945e-08,20,31,20,29,21,14
139,1.5460754150769945e-08,20,31,20,29,21,14
139,1.5460754150769945e-08,20,31,20,21,29,14
139,1.5460754150769945e-08,20,31,20,21,29,14
139,1.5460754150769945e-08,20,31,20,21,29,14
140,1.3141641028154453e-08,20,31,20,21,29,14
140,1.3141641028154453e-08,20,31,20,21,29,14
140,1.3141641028154453e-08,20,31,20,29,21,14
140,1.3141641028154453e-08,20,31,20,21,29,14
140,1.3141641028154453e-08,20,31,20,21,29,14
140,1.3141641028154453e-08,20,31,20,21,29,14
140,1.3141641028154453e-08,20,31,20,21,29,14
140,1.3141641028154453e-08,20,31,20,21,29,14
141,1.1170394873931284e-08,20,31,20,21,29,14
141,1.1170394873931284e-08,20,31,20,21,29,14
141,1.1170394873931284e-08,20,31,20,21,29,14
141,1.1170394873931284e-08,20,31,20,21,29,14
141,1.1170394873931284e-08,20,31,20,21,29,14
141,1.1170394873931284e-08,20,31,20,21,29,14
141,1.1170394873931284e-08,20,31,20,21,29,14
141,1.1170394873931284e-08,20,31,20,21,29,14
142,9.494835642841592e-09,20,31,20,21,29,14
142,9.494835642841592e-09,20,31,20,21,29,14
142,9.494835642841592e-09,20,31,20,21,29,14
142,9.494835642841592e-09,20,31,20,21,29,14
142,9.494835642841592e-09,20,31,20,29,21,14
142,9.494835642841592e-09,20,31,20,29,21,14
142,9.494835642841592e-09,20,31,20,29,21,14
142,9.494835642841592e-09,20,31,20,29,21,14
143,8.070610296415353e-09,20,31,20,29,21,14
143,8.070610296415353e-09,20,31,20,21,29,14
143,8.070610296415353e-09,20,31,20,29,21,14
143,8.070610296415353e-09,20,31,20,21,29,14
143,8.070610296415353e-09,20,31,20,21,29,14
143,8.070610296415353e-09,20,31,20,21,29,14
143,8.070610296415353e-09,20,31,20,21,29,14
143,8.070610296415353e-09,20,31,20,21,29,14
144,6.86001875195305e-09,20,31,20,21,29,14
144,6.86001875195305e-09,20,31,20,21,29,14
144,6.86001875195305e-09,20,31,20,21,29,14
144,6.86001875195305e-09,20,31,20,21,29,14
144,6.86001875195305e-09,20,31,20,21,29,14
144,6.86001875195305e-09,20,31,20,21,29,14
144,6.86001875195305e-09,20,31,20,21,29,14
144,6.86001875195305e-09,20,31,20,21,29,14
145,5.831015939160092e-09,20,31,20,21,29,14
145,5.831015939160092e-09,20,31,20,21,29,14
145,5.831015939160092e-09,20,31,20,21,29,14
145,5.831015939160092e-09,20,31,20,21,29,14
145,5.831015939160092e-09,20,31,20,21,29,14
145,5.831015939160092e-09,20,31,20,29,21,14
145,5.831015939160092e-09,20,31,20,29,21,14
145,5.831015939160092e-09,20,31,20,29,21,14
146,4.956363548286078e-09,20,31,20,21,29,14
146,4.956363548286078e-09,20,31,20,29,21,14
146,4.956363548286078e-09,20,31,20,29,21,14
146,4.956363548286078e-09,20,31,20,29,21,14
146,4.956363548286078e-09,20,31,20,21,29,14
146,4.956363548286078e-09,20,31,20,21,29,14
146,4.956363548286078e-09,20,31,20,21,29,14
146,4.956363548286078e-09,20,31,20,21,29,14
147,4.2129090160431665e-09,20,31,20,21,29,14
147,4.2129090160431665e-09,20,31,20,21,29,14
147,4.2129090160431665e-09,20,31,20,21,29,14
147,4.2129090160431665e-09,20,31,20,21,29,14
147,4.2129090160431665e-09,20,31,20,21,29,14
147,4.2129090160431665e-09,20,31,20,21,29,14
147,4.2129090160431665e-09,20,31,20,21,29,14
147,4.2129090160431665e-09,20,31,20,21,29,14
148,3.5809726636366914e-09,20,31,20,21,29,14
148,3.5809726636366914e-09,20,31,20,21,29,14
148,3.5809726636366914e-09,20,31,20,21,29,14
148,3.5809726636366914e-09,20,31,20,21,29,14
148,3.5809726636366914e-09,20,31,20,21,29,14
148,3.5809726636366914e-09,20,31,20,21,29,14
148,3.5809726636366914e-09,20,31,20,21,29,14
148,3.5809726636366914e-09,20,31,20,21,29,14
149,3.0438267640911876e-09,20,31,20,21,29,14
149,3.0438267640911876e-09,20,31,20,21,29,14
149,3.0438267640911876e-09,20,31,20,21,29,14
149,3.0438267640911876e-09,20,31,20,21,29,14
149,3.0438267640911876e-09,20,31,20,21,29,14
149,3.0438267640911876e-09,20,31,20,21,29,14
149,3.0438267640911876e-09,20,31,20,29,21,14
149,3.0438267640911876e-09,20,31,20,29,21,14
150,2.5872527494775095e-09,20,31,20,29,21,14
150,2.5872527494775095e-09,20,31,20,29,21,14
150,2.5872527494775095e-09,20,31,20,29,21,14
150,2.5872527494775095e-09,20,31,20,29,21,14
150,2.5872527494775095e-09,20,31,20,29,21,14
150,2.5872527494775095e-09,20,31,20,29,21,14
150,2.5872527494775095e-09,20,31,20,29,21,14
150,2.5872527494775095e-09,20,31,20,29,21,14
151,2.199164837055883e-09,20,31,20,29,21,14
151,2.199164837055883e-09,20,31,20,29,21,14
151,2.199164837055883e-09,20,31,20,29,21,14
151,2.199164837055883e-09,20,31,20,29,21,14
151,2.199164837055883e-09,20,31,20,29,21,14
151,2.199164837055883e-09,20,31,20,29,21,14
151,2.199164837055883e-09,20,31,20,29,21,14
151,2.199164837055883e-09,20,31,20,21,29,14
152,1.8692901114975006e-09,20,31,20,29,21,14
152,1.8692901114975006e-09,20,31,20,29,21,14
152,1.8692901114975006e-09,20,31,20,29,21,14
152,1.8692901114975006e-09,20,31,20,29,21,14
152,1.8692901114975006e-09,20,31,20,21,29,14
152,1.8692901114975006e-09,20,31,20,21,29,14
152,1.8692901114975006e-09,20,31,20,21,29,14
152,1.8692901114975006e-09,20,31,20,29,21,14
153,1.5888965947728754e-09,20,31,20,29,21,14
153,1.5888965947728754e-09,20,31,20,29,21,14
153,1.5888965947728754e-09,20,31,20,29,21,14
153,1.5888965947728754e-09,20,31,20,29,21,14
153,1.5888965947728754e-09,20,31,20,29,21,14
153,1.5888965947728754e-09,20,31,20,29,21,14
153,1.5888965947728754e-09,20,31,20,29,21,14
153,1.5888965947728754e-09,20,31,20,29,21,14
154,1.3505621055569441e-09,20,31,20,29,21,14
154,1.3505621055569441e-09,20,31,20,29,21,14
154,1.3505621055569441e-09,20,31,20,21,29,14
154,1.3505621055569441e-09,20,31,20,21,29,14
154,1.3505621055569441e-09,20,31,20,21,29,14
154,1.3505621055569441e-09,20,31,20,21,29,14
154,1.3505621055569441e-09,20,31,20,21,29,14
154,1.3505621055569441e-09,20,31,20,21,29,14
155,1.1479777897234025e-09,20,31,20,21,29,14
155,1.1479777897234025e-09,20,31,20,29,21,14
155,1.1479777897234025e-09,20,31,20,29,21,14
155,1.1479777897234025e-09,20,31,20,21,29,14
155,1.1479777897234025e-09,20,31,20,21,29,14
155,1.1479777897234025e-09,20,31,20,21,29,14
155,1.1479777897234025e-09,20,31,20,21,29,14
155,1.1479777897234025e-09,20,31,20,21,29,14
156,9.75781121264892e-10,20,31,20,21,29,14
156,9.75781121264892e-10,20,31,20,21,29,14
156,9.75781121264892e-10,20,31,20,21,29,14
156,9.75781121264892e-10,20,31,20,21,29,14
156,9.75781121264892e-10,20,31,20,21,29,14
156,9.75781121264892e-10,20,31,20,21,29,14
156,9.75781121264892e-10,20,31,20,21,29,14
156,9.75781121264892e-10,20,31,20,21,29,14
157,8.294139530751582e-10,20,31,20,21,29,14
157,8.294139530751582e-10,20,31,20,21,29,14
157,8.294139530751582e-10,20,31,20,21,29,14
157,8.294139530751582e-10,20,31,20,21,29,14
157,8.294139530751582e-10,20,31,20,21,29,14
157,8.294139530751582e-10,20,31,20,21,29,14
157,8.294139530751582e-10,20,31,20,29,21,14
157,8.294139530751582e-10,20,31,20,29,21,14
158,7.050018601138845e-10,20,31,20,29,21,14
158,7.050018601138845e-10,20,31,20,29,21,14
158,7.050018601138845e-10,20,31,20,29,21,14
158,7.050018601138845e-10,20,31,20,29,21,14
158,7.050018601138845e-10,20,31,20,29,21,14
158,7.050018601138845e-10,20,31,20,29,21,14
158,7.050018601138845e-10,20,31,20,21,29,14
158,7.050018601138845e-10,20,31,20,21,29,14
159,5.992515810968019e-10,20,31,20,21,29,14
159,5.992515810968019e-10,20,31,20,21,29,14
159,5.992515810968019e-10,20,31,20,21,29,14
159,5.992515810968019e-10,20,31,20,29,21,14
159,5.992515810968019e-10,20,31,20,29,21,14
159,5.992515810968019e-10,20,31,20,29,21,14
159,5.992515810968019e-10,20,31,20,29,21,14
159,5.992515810968019e-10,20,31,20,29,21,14
160,5.093638439322816e-10,20,31,20,29,21,14
160,5.093638439322816e-10,20,31,20,29,21,14
160,5.093638439322816e-10,20,31,20,29,21,14
160,5.093638439322816e-10,20,31,20,21,29,14
160,5.093638439322816e-10,20,31,20,21,29,14
160,5.093638439322816e-10,20,31,20,21,29,14
160,5.093638439322816e-10,20,31,20,21,29,14
160,5.093638439322816e-10,20,31,20,21,29,14
161,4.329592673424394e-10,20,31,20,21,29,14
161,4.329592673424394e-10,20,31,20,21,29,14
161,4.329592673424394e-10,20,31,20,21,29,14
161,4.329592673424394e-10,20,31,20,21,29,14
161,4.329592673424394e-10,20,31,20,21,29,14
161,4.329592673424394e-10,20,31,20,29,21,14
161,4.329592673424394e-10,20,31,20,29,21,14
161,4.329592673424394e-10,20,31,20,29,21,14
162,3.6801537724107347e-10,20,31,20,29,21,14
162,3.6801537724107347e-10,20,31,20,29,21,14
162,3.6801537724107347e-10,20,31,20,21,29,14
162,3.6801537724107347e-10,20,31,20,21,29,14
162,3.6801537724107347e-10,20,31,20,21,29,14
162,3.6801537724107347e-10,20,31,20,21,29,14
162,3.6801537724107347e-10,20,31,20,21,29,14
162,3.6801537724107347e-10,20,31,20,21,29,14
163,3.1281307065491245e-10,20,31,20,21,29,14
163,3.1281307065491245e-10,20,31,20,21,29,14
163,3.1281307065491245e-10,20,31,20,21,29,14
163,3.1281307065491245e-10,20,31,20,29,21,14
163,3.1281307065491245e-10,20,31,20,29,21,14
163,3.1281307065491245e-10,20,31,20,29,21,14
163,3.1281307065491245e-10,20,31,20,29,21,14
163,3.1281307065491245e-10,20,31,20,29,21,14
164,2.6589111005667555e-10,20,31,20,21,29,14
164,2.6589111005667555e-10,20,31,20,21,29,14
164,2.6589111005667555e-10,20,31,20,21,29,14
164,2.6589111005667555e-10,20,31,20,21,29,14
164,2.6589111005667555e-10,20,31,20,21,29,14
164,2.6589111005667555e-10,20,31,20,21,29,14
164,2.6589111005667555e-10,20,31,20,21,29,14
164,2.6589111005667555e-10,20,31,20,21,29,14
165,2.260074435481742e-10,20,31,20,21,29,14
165,2.260074435481742e-10,20,31,20,21,29,14
165,2.260074435481742e-10,20,31,20,21,29,14
165,2.260074435481742e-10,20,31,20,21,29,14
165,2.260074435481742e-10,20,31,20,21,29,14
165,2.260074435481742e-10,20,31,20,21,29,14
165,2.260074435481742e-10,20,31,20,29,21,14
165,2.260074435481742e-10,20,31,20,29,21,14
166,1.9210632701594807e-10,20,31,20,29,21,14
166,1.9210632701594807e-10,20,31,20,29,21,14
166,1.9210632701594807e-10,20,31,20,29,21,14
166,1.9210632701594807e-10,20,31,20,21,29,14
166,1.9210632701594807e-10,20,31,20,21,29,14
166,1.9210632701594807e-10,20,31,20,21,29,14
166,1.9210632701594807e-10,20,31,20,21,29,14
166,1.9210632701594807e-10,20,31,20,21,29,14
167,1.6329037796355585e-10,20,31,20,21,29,14
167,1.6329037796355585e-10,20,31,20,21,29,14
167,1.6329037796355585e-10,20,31,20,21,29,14
167,1.6329037796355585e-10,20,31,20,21,29,14
167,1.6329037796355585e-10,20,31,20,21,29,14
167,1.6329037796355585e-10,20,31,20,21,29,14
167,1.6329037796355585e-10,20,31,20,21,29,14
167,1.6329037796355585e-10,20,31,20,21,29,14
168,1.3879682126902247e-10,20,31,20,29,21,14
168,1.3879682126902247e-10,20,31,20,29,21,14
168,1.3879682126902247e-10,20,31,20,29,21,14
168,1.3879682126902247e-10,20,31,20,21,29,14
168,1.3879682126902247e-10,20,31,20,21,29,14
168,1.3879682126902247e-10,20,31,20,21,29,14
168,1.3879682126902247e-10,20,31,20,21,29,14
168,1.3879682126902247e-10,20,31,20,21,29,14
169,1.179772980786691e-10,20,31,20,21,29,14
169,1.179772980786691e-10,20,31,20,21,29,14
169,1.179772980786691e-10,20,31,20,21,29,14
169,1.179772980786691e-10,20,31,20,21,29,14
169,1.179772980786691e-10,20,31,20,21,29,14
169,1.179772980786691e-10,20,31,20,21,29,14
169,1.179772980786691e-10,20,31,20,21,29,14
169,1.179772980786691e-10,20,31,20,21,29,14
170,1.0028070336686874e-10,20,31,20,29,21,14
170,1.0028070336686874e-10,20,31,20,29,21,14
170,1.0028070336686874e-10,20,31,20,21,29,14
170,1.0028070336686874e-10,20,31,20,21,29,14
170,1.0028070336686874e-10,20,31,20,21,29,14
170,1.0028070336686874e-10,20,31,20,21,29,14
170,1.0028070336686874e-10,20,31,20,21,29,14
170,1.0028070336686874e-10,20,31,20,21,29,14
171,8.523859786183843e-11,20,31,20,29,21,14
171,8.523859786183843e-11,20,31,20,29,21,14
171,8.523859786183843e-11,20,31,20,29,21,14
171,8.523859786183843e-11,20,31,20,21,29,14
171,8.523859786183843e-11,20,31,20,21,29,14
171,8.523859786183843e-11,20,31,20,21,29,14
171,8.523859786183843e-11,20,31,20,21,29,14
171,8.523859786183843e-11,20,31,20,21,29,14
172,7.245280818256266e-11,20,31,20,21,29,14
172,7.245280818256266e-11,20,31,20,29,21,14
172,7.245280818256266e-11,20,31,20,29,21,14
172,7.245280818256266e-11,20,31,20,29,21,14
172,7.245280818256266e-11,20,31,20,29,21,14
172,7.245280818256266e-11,20,31,20,29,21,14
172,7.245280818256266e-11,20,31,20,29,21,14
172,7.245280818256266e-11,20,31,20,29,21,14
173,6.158488695517827e-11,20,31,20,29,21,14
173,6.158488695517827e-11,20,31,20,29,21,14
173,6.158488695517827e-11,20,31,20,29,21,14
173,6.158488695517827e-11,20,31,20,21,29,14
173,6.158488695517827e-11,20,31,20,21,29,14
173,6.158488695517827e-11,20,31,20,21,29,14
173,6.158488695517827e-11,20,31,20,21,29,14
173,6.158488695517827e-11,20,31,20,29,21,14
174,5.234715391190153e-11,20,31,20,29,21,14
174,5.234715391190153e-11,20,31,20,29,21,14
174,5.234715391190153e-11,20,31,20,29,21,14
174,5.234715391190153e-11,20,31,20,29,21,14
174,5.234715391190153e-11,20,31,20,29,21,14
174,5.234715391190153e-11,20,31,20,29,21,14
174,5.234715391190153e-11,20,31,20,29,21,14
174,5.234715391190153e-11,20,31,20,29,21,14
175,4.44950808251163e-11,20,31,20,29,21,14
175,4.44950808251163e-11,20,31,20,21,29,14
175,4.44950808251163e-11,20,31,20,21,29,14
175,4.44950808251163e-11,20,31,20,21,29,14
175,4.44950808251163e-11,20,31,20,21,29,14
175,4.44950808251163e-11,20,31,20,21,29,14
175,4.44950808251163e-11,20,31,20,29,21,14
175,4.44950808251163e-11,20,31,20,29,21,14
176,3.782081870134885e-11,20,31,20,29,21,14
176,3.782081870134885e-11,20,31,20,29,21,14
176,3.782081870134885e-11,20,31,20,21,29,14
176,3.782081870134885e-11,20,31,20,21,29,14
176,3.782081870134885e-11,20,31,20,21,29,14
176,3.782081870134885e-11,20,31,20,21,29,14
176,3.782081870134885e-11,20,31,20,21,29,14
176,3.782081870134885e-11,20,31,20,21,29,14
177,3.214769589614652e-11,20,31,20,21,29,14
177,3.214769589614652e-11,20,31,20,29,21,14
177,3.214769589614652e-11,20,31,20,29,21,14
177,3.214769589614652e-11,20,31,20,29,21,14
177,3.214769589614652e-11,20,31,20,29,21,14
177,3.214769589614652e-11,20,31,20,29,21,14
177,3.214769589614652e-11,20,31,20,29,21,14
177,3.214769589614652e-11,20,31,20,29,21,14
178,2.732554151172454e-11,20,31,20,29,21,14
178,2.732554151172454e-11,20,31,20,29,21,14
178,2.732554151172454e-11,20,31,20,29,21,14
178,2.732554151172454e-11,20,31,20,29,21,14
178,2.732554151172454e-11,20,31,20,21,29,14
178,2.732554151172454e-11,20,31,20,21,29,14
178,2.732554151172454e-11,20,31,20,21,29,14
178,2.732554151172454e-11,20,31,20,21,29,14
179,2.322671028496586e-11,20,31,20,21,29,14
179,2.322671028496586e-11,20,31,20,29,21,14
179,2.322671028496586e-11,20,31,20,29,21,14
179,2.322671028496586e-11,20,31,20,29,21,14
179,2.322671028496586e-11,20,31,20,29,21,14
179,2.322671028496586e-11,20,31,20,29,21,14
179,2.322671028496586e-11,20,31,20,29,21,14
179,2.322671028496586e-11,20,31,20,29,21,14
180,1.974270374222098e-11,20,31,20,29,21,14
180,1.974270374222098e-11,20,31,20,29,21,14
180,1.974270374222098e-11,20,31,20,29,21,14
180,1.974270374222098e-11,20,31,20,29,21,14
180,1.974270374222098e-11,20,31,20,21,29,14
180,1.974270374222098e-11,20,31,20,21,29,14
180,1.974270374222098e-11,20,31,20,21,29,14
180,1.974270374222098e-11,20,31,20,21,29,14
181,1.6781298180887833e-11,20,31,20,21,29,14
181,1.6781298180887833e-11,20,31,20,21,29,14
181,1.6781298180887833e-11,20,31,20,21,29,14
181,1.6781298180887833e-11,20,31,20,29,21,14
181,1.6781298180887833e-11,20,31,20,29,21,14
181,1.6781298180887833e-11,20,31,20,29,21,14
181,1.6781298180887833e-11,20,31,20,29,21,14
181,1.6781298180887833e-11,20,31,20,29,21,14
182,1.4264103453754657e-11,20,31,20,29,21,14
182,1.4264103453754657e-11,20,31,20,29,21,14
182,1.4264103453754657e-11,20,31,20,29,21,14
182,1.4264103453754657e-11,20,31,20,29,21,14
182,1.4264103453754657e-11,20,31,20,21,29,14
182,1.4264103453754657e-11,20,31,20,21,29,14
182,1.4264103453754657e-11,20,31,20,21,29,14
182,1.4264103453754657e-11,20,31,20,21,29,14
183,1.2124487935691457e-11,20,31,20,21,29,14
183,1.2124487935691457e-11,20,31,20,21,29,14
183,1.2124487935691457e-11,20,31,20,21,29,14
183,1.2124487935691457e-11,20,31,20,21,29,14
183,1.2124487935691457e-11,20,31,20,21,29,14
183,1.2124487935691457e-11,20,31,20,21,29,14
183,1.2124487935691457e-11,20,31,20,29,21,14
183,1.2124487935691457e-11,20,31,20,29,21,14
184,1.0305814745337739e-11,20,31,20,29,21,14
184,1.0305814745337739e-11,20,31,20,29,21,14
184,1.0305814745337739e-11,20,31,20,29,21,14
184,1.0305814745337739e-11,20,31,20,29,21,14
184,1.0305814745337739e-11,20,31,20,29,21,14
184,1.0305814745337739e-11,20,31,20,21,29,14
184,1.0305814745337739e-11,20,31,20,21,29,14
184,1.0305814745337739e-11,20,31,20,21,29,14
185,8.759942533537078e-12,20,31,20,21,29,14
185,8.759942533537078e-12,20,31,20,21,29,14
185,8.759942533537078e-12,20,31,20,21,29,14
185,8.759942533537078e-12,20,31,20,29,21,14
185,8.759942533537078e-12,20,31,20,21,29,14
185,8.759942533537078e-12,20,31,20,21,29,14
185,8.759942533537078e-12,20,31,20,21,29,14
185,8.759942533537078e-12,20,31,20,21,29,14
186,7.445951153506517e-12,20,31,20,21,29,14
186,7.445951153506517e-12,20,31,20,21,29,14
186,7.445951153506517e-12,20,31,20,29,21,14
186,7.445951153506517e-12,20,31,20,29,21,14
186,7.445951153506517e-12,20,31,20,29,21,14
186,7.445951153506517e-12,20,31,20,29,21,14
186,7.445951153506517e-12,20,31,20,29,21,14
186,7.445951153506517e-12,20,31,20,29,21,14
187,6.329058480480539e-12,20,31,20,29,21,14
187,6.329058480480539e-12,20,31,20,29,21,14
187,6.329058480480539e-12,20,31,20,29,21,14
187,6.329058480480539e-12,20,31,20,29,21,14
187,6.329058480480539e-12,20,31,20,21,29,14
187,6.329058480480539e-12,20,31,20,21,29,14
187,6.329058480480539e-12,20,31,20,21,29,14
187,6.329058480480539e-12,20,31,20,29,21,14
188,5.3796997084084586e-12,20,31,20,29,21,14
188,5.3796997084084586e-12,20,31,20,29,21,14
188,5.3796997084084586e-12,20,31,20,29,21,14
188,5.3796997084084586e-12,20,31,20,29,21,14
188,5.3796997084084586e-12,20,31,20,29,21,14
188,5.3796997084084586e-12,20,31,20,21,29,14
188,5.3796997084084586e-12,20,31,20,21,29,14
188,5.3796997084084586e-12,20,31,20,21,29,14
189,4.572744752147189e-12,20,31,20,21,29,14
189,4.572744752147189e-12,20,31,20,21,29,14
189,4.572744752147189e-12,20,31,20,21,29,14
189,4.572744752147189e-12,20,31,20,21,29,14
189,4.572744752147189e-12,20,31,20,21,29,14
189,4.572744752147189e-12,20,31,20,29,21,14
189,4.572744752147189e-12,20,31,20,29,21,14
189,4.572744752147189e-12,20,31,20,29,21,14
190,3.886833039325111e-12,20,31,20,29,21,14
190,3.886833039325111e-12,20,31,20,29,21,14
190,3.886833039325111e-12,20,31,20,29,21,14
190,3.886833039325111e-12,20,31,20,29,21,14
190,3.886833039325111e-12,20,31,20,29,21,14
190,3.886833039325111e-12,20,31,20,29,21,14
190,3.886833039325111e-12,20,31,20,21,29,14
190,3.886833039325111e-12,20,31,20,21,29,14
191,3.3038080834263442e-12,20,31,20,21,29,14
191,3.3038080834263442e-12,20,31,20,21,29,14
191,3.3038080834263442e-12,20,31,20,21,29,14
191,3.3038080834263442e-12,20,31,20,21,29,14
191,3.3038080834263442e-12,20,31,20,21,29,14
191,3.3038080834263442e-12,20,31,20,21,29,14
191,3.3038080834263442e-12,20,31,20,21,29,14
191,3.3038080834263442e-12,20,31,20,21,29,14
192,2.8082368709123925e-12,20,31,20,21,29,14
192,2.8082368709123925e-12,20,31,20,21,29,14
192,2.8082368709123925e-12,20,31,20,21,29,14
192,2.8082368709123925e-12,20,31,20,21,29,14
192,2.8082368709123925e-12,20,31,20,21,29,14
192,2.8082368709123925e-12,20,31,20,21,29,14
192,2.8082368709123925e-12,20,31,20,21,29,14
192,2.8082368709123925e-12,20,31,20,21,29,14
193,2.3870013402755337e-12,20,31,20,21,29,14
193,2.3870013402755337e-12,20,31,20,21,29,14
193,2.3870013402755337e-12,20,31,20,21,29,14
193,2.3870013402755337e-12,20,31,20,21,29,14
193,2.3870013402755337e-12,20,31,20,21,29,14
193,2.3870013402755337e-12,20,31,20,21,29,14
193,2.3870013402755337e-12,20,31,20,21,29,14
193,2.3870013402755337e-12,20,31,20,21,29,14
194,2.0289511392342035e-12,20,31,20,21,29,14
194,2.0289511392342035e-12,20,31,20,21,29,14
194,2.0289511392342035e-12,20,31,20,21,29,14
194,2.0289511392342035e-12,20,31,20,29,21,14
194,2.0289511392342035e-12,20,31,20,29,21,14
194,2.0289511392342035e-12,20,31,20,29,21,14
194,2.0289511392342035e-12,20,31,20,29,21,14
194,2.0289511392342035e-12,20,31,20,29,21,14
195,1.724608468349073e-12,20,31,20,21,29,14
195,1.724608468349073e-12,20,31,20,21,29,14
195,1.724608468349073e-12,20,31,20,21,29,14
195,1.724608468349073e-12,20,31,20,21,29,14
195,1.724608468349073e-12,20,31,20,21,29,14
195,1.724608468349073e-12,20,31,20,21,29,14
195,1.724608468349073e-12,20,31,20,21,29,14
195,1.724608468349073e-12,20,31,20,21,29,14
196,1.465917198096712e-12,20,31,20,21,29,14
196,1.465917198096712e-12,20,31,20,21,29,14
196,1.465917198096712e-12,20,31,20,21,29,14
196,1.465917198096712e-12,20,31,20,21,29,14
196,1.465917198096712e-12,20,31,20,21,29,14
196,1.465917198096712e-12,20,31,20,21,29,14
196,1.465917198096712e-12,20,31,20,21,29,14
196,1.465917198096712e-12,20,31,20,21,29,14
197,1.2460296183822052e-12,20,31,20,21,29,14
197,1.2460296183822052e-12,20,31,20,21,29,14
197,1.2460296183822052e-12,20,31,20,21,29,14
197,1.2460296183822052e-12,20,31,20,21,29,14
197,1.2460296183822052e-12,20,31,20,21,29,14
197,1.2460296183822052e-12,20,31,20,21,29,14
197,1.2460296183822052e-12,20,31,20,21,29,14
197,1.2460296183822052e-12,20,31,20,21,29,14
198,1.0591251756248744e-12,20,31,20,21,29,14
198,1.0591251756248744e-12,20,31,20,21,29,14
198,1.0591251756248744e-12,20,31,20,21,29,14
198,1.0591251756248744e-12,20,31,20,21,29,14
198,1.0591251756248744e-12,20,31,20,21,29,14
198,1.0591251756248744e-12,20,31,20,21,29,14
198,1.0591251756248744e-12,20,31,20,21,29,14
198,1.0591251756248744e-12,20,31,20,21,29,14
199,9.002563992811432e-13,20,31,20,21,29,14
